<Anims>
 <anim name="close" root="ui_chest_3x2" numframes="150" framerate="40">
  <frame idx="0" w="388" h="296" x="0.025345" y="-10.428528">
   <element name="frame" layername="frame" frame="0" z_index="1" m_a="1.000000" m_b="0.000000" m_c="0.000000" m_d="0.934753" m_tx="0.000000" m_ty="0.000000"/>
  </frame>
  <frame idx="25" w="388" h="285" x="0.025345" y="-20.387253">
   <element name="frame" layername="frame" frame="0" z_index="1" m_a="1.000000" m_b="0.000000" m_c="0.000000" m_d="0.862588" m_tx="0.000000" m_ty="0.000000"/>
  </frame>
  <frame idx="50" w="388" h="260" x="0.025345" y="-43.671638">
   <element name="frame" layername="frame" frame="0" z_index="1" m_a="1.000000" m_b="0.000000" m_c="0.000000" m_d="0.693861" m_tx="0.000000" m_ty="0.000000"/>
  </frame>
  <frame idx="75" w="388" h="218" x="0.025345" y="-81.017471">
   <element name="frame" layername="frame" frame="0" z_index="1" m_a="1.000000" m_b="0.000000" m_c="0.000000" m_d="0.423239" m_tx="0.000000" m_ty="0.000000"/>
  </frame>
  <frame idx="100" w="388" h="162" x="0.025345" y="-132.315552">
   <element name="frame" layername="frame" frame="0" z_index="1" m_a="1.000000" m_b="0.000000" m_c="0.000000" m_d="0.051514" m_tx="0.000000" m_ty="0.000000"/>
  </frame>
  <frame idx="125" w="388" h="213" x="0.025345" y="-86.835320">
   <element name="frame" layername="frame" frame="0" z_index="1" m_a="1.000000" m_b="0.000000" m_c="0.000000" m_d="0.381081" m_tx="0.000000" m_ty="0.000000"/>
  </frame>
 </anim>
 <anim name="open" root="ui_chest_3x2" numframes="225" framerate="40">
  <frame idx="0" w="388" h="165" x="0.025345" y="-128.946411">
   <element name="frame" layername="frame" frame="0" z_index="1" m_a="1.000000" m_b="0.000000" m_c="0.000000" m_d="0.075928" m_tx="0.000000" m_ty="0.000000"/>
  </frame>
  <frame idx="25" w="391" h="193" x="2.834885" y="-104.764725">
   <element name="frame" layername="frame" frame="0" z_index="1" m_a="1.015963" m_b="0.000000" m_c="0.000000" m_d="0.251157" m_tx="0.000000" m_ty="0.000000"/>
  </frame>
  <frame idx="50" w="399" h="255" x="9.404068" y="-48.222664">
   <element name="frame" layername="frame" frame="0" z_index="1" m_a="1.053288" m_b="0.000000" m_c="0.000000" m_d="0.660882" m_tx="0.000000" m_ty="0.000000"/>
  </frame>
  <frame idx="75" w="403" h="310" x="13.250534" y="2.056458">
   <element name="frame" layername="frame" frame="0" z_index="1" m_a="1.075143" m_b="0.000000" m_c="0.000000" m_d="1.025224" m_tx="0.000000" m_ty="0.000000"/>
  </frame>
  <frame idx="100" w="395" h="308" x="6.817184" y="0.346100">
   <element name="frame" layername="frame" frame="0" z_index="1" m_a="1.038590" m_b="0.000000" m_c="0.000000" m_d="1.012830" m_tx="0.000000" m_ty="0.000000"/>
  </frame>
  <frame idx="125" w="392" h="307" x="3.073288" y="-0.650345">
   <element name="frame" layername="frame" frame="0" z_index="1" m_a="1.017318" m_b="0.000000" m_c="0.000000" m_d="1.005609" m_tx="0.000000" m_ty="0.000000"/>
  </frame>
  <frame idx="150" w="389" h="306" x="0.901184" y="-1.226776">
   <element name="frame" layername="frame" frame="0" z_index="1" m_a="1.004976" m_b="0.000000" m_c="0.000000" m_d="1.001432" m_tx="0.000000" m_ty="0.000000"/>
  </frame>
  <frame idx="175" w="388" h="306" x="0.025345" y="-1.458115">
   <element name="frame" layername="frame" frame="0" z_index="1" m_a="1.000000" m_b="0.000000" m_c="0.000000" m_d="0.999756" m_tx="0.000000" m_ty="0.000000"/>
  </frame>
  <frame idx="200" w="388" h="306" x="0.025345" y="-1.458115">
   <element name="frame" layername="frame" frame="0" z_index="1" m_a="1.000000" m_b="0.000000" m_c="0.000000" m_d="0.999756" m_tx="0.000000" m_ty="0.000000"/>
  </frame>
 </anim>
</Anims>
