<Anims>
 <anim name="close_90s" root="ui_chest_3x3" numframes="150" framerate="40">
  <frame idx="0" w="388" h="372" x="0.025345" y="-12.652405">
   <element name="frame" layername="frame" frame="0" z_index="1" m_a="1.000000" m_b="0.000000" m_c="0.000000" m_d="0.934753" m_tx="0.000000" m_ty="0.000000"/>
  </frame>
  <frame idx="25" w="388" h="359" x="0.025345" y="-25.209061">
   <element name="frame" layername="frame" frame="0" z_index="1" m_a="1.000000" m_b="0.000000" m_c="0.000000" m_d="0.862588" m_tx="0.000000" m_ty="0.000000"/>
  </frame>
  <frame idx="50" w="388" h="327" x="0.025345" y="-54.567627">
   <element name="frame" layername="frame" frame="0" z_index="1" m_a="1.000000" m_b="0.000000" m_c="0.000000" m_d="0.693861" m_tx="0.000000" m_ty="0.000000"/>
  </frame>
  <frame idx="75" w="388" h="274" x="0.025345" y="-101.655846">
   <element name="frame" layername="frame" frame="0" z_index="1" m_a="1.000000" m_b="0.000000" m_c="0.000000" m_d="0.423239" m_tx="0.000000" m_ty="0.000000"/>
  </frame>
  <frame idx="100" w="388" h="204" x="0.025345" y="-166.336029">
   <element name="frame" layername="frame" frame="0" z_index="1" m_a="1.000000" m_b="0.000000" m_c="0.000000" m_d="0.051514" m_tx="0.000000" m_ty="0.000000"/>
  </frame>
  <frame idx="125" w="388" h="267" x="0.025345" y="-108.991402">
   <element name="frame" layername="frame" frame="0" z_index="1" m_a="1.000000" m_b="0.000000" m_c="0.000000" m_d="0.381081" m_tx="0.000000" m_ty="0.000000"/>
  </frame>
 </anim>
 <anim name="open_90s" root="ui_chest_3x3" numframes="225" framerate="40">
  <frame idx="0" w="388" h="208" x="0.025345" y="-162.088013">
   <element name="frame" layername="frame" frame="0" z_index="1" m_a="1.000000" m_b="0.000000" m_c="0.000000" m_d="0.075928" m_tx="0.000000" m_ty="0.000000"/>
  </frame>
  <frame idx="25" w="391" h="242" x="2.834885" y="-131.598053">
   <element name="frame" layername="frame" frame="0" z_index="1" m_a="1.015963" m_b="0.000000" m_c="0.000000" m_d="0.251157" m_tx="0.000000" m_ty="0.000000"/>
  </frame>
  <frame idx="50" w="399" h="321" x="9.404068" y="-60.305885">
   <element name="frame" layername="frame" frame="0" z_index="1" m_a="1.053288" m_b="0.000000" m_c="0.000000" m_d="0.660882" m_tx="0.000000" m_ty="0.000000"/>
  </frame>
  <frame idx="75" w="403" h="390" x="13.250534" y="3.089523">
   <element name="frame" layername="frame" frame="0" z_index="1" m_a="1.075143" m_b="0.000000" m_c="0.000000" m_d="1.025224" m_tx="0.000000" m_ty="0.000000"/>
  </frame>
  <frame idx="100" w="395" h="388" x="6.817184" y="0.932999">
   <element name="frame" layername="frame" frame="0" z_index="1" m_a="1.038590" m_b="0.000000" m_c="0.000000" m_d="1.012830" m_tx="0.000000" m_ty="0.000000"/>
  </frame>
  <frame idx="125" w="392" h="387" x="3.073288" y="-0.323395">
   <element name="frame" layername="frame" frame="0" z_index="1" m_a="1.017318" m_b="0.000000" m_c="0.000000" m_d="1.005609" m_tx="0.000000" m_ty="0.000000"/>
  </frame>
  <frame idx="150" w="389" h="385" x="0.901184" y="-1.050201">
   <element name="frame" layername="frame" frame="0" z_index="1" m_a="1.004976" m_b="0.000000" m_c="0.000000" m_d="1.001432" m_tx="0.000000" m_ty="0.000000"/>
  </frame>
  <frame idx="175" w="388" h="385" x="0.025345" y="-1.341888">
   <element name="frame" layername="frame" frame="0" z_index="1" m_a="1.000000" m_b="0.000000" m_c="0.000000" m_d="0.999756" m_tx="0.000000" m_ty="0.000000"/>
  </frame>
  <frame idx="200" w="388" h="385" x="0.025345" y="-1.341888">
   <element name="frame" layername="frame" frame="0" z_index="1" m_a="1.000000" m_b="0.000000" m_c="0.000000" m_d="0.999756" m_tx="0.000000" m_ty="0.000000"/>
  </frame>
 </anim>
</Anims>
