<Anims>
 <anim name="close_90s" root="ui_backpack_2x4" numframes="150" framerate="40">
  <frame idx="0" w="429" h="432" x="-125.823395" y="-13.804489">
   <element name="frame" layername="frame" frame="0" z_index="1" m_a="1.000000" m_b="0.000000" m_c="0.000000" m_d="0.934753" m_tx="-126.999001" m_ty="0.000000"/>
  </frame>
  <frame idx="25" w="429" h="415" x="-125.823395" y="-28.381760">
   <element name="frame" layername="frame" frame="0" z_index="1" m_a="1.000000" m_b="0.000000" m_c="0.000000" m_d="0.862588" m_tx="-126.999001" m_ty="0.000000"/>
  </frame>
  <frame idx="50" w="429" h="378" x="-125.823395" y="-62.464691">
   <element name="frame" layername="frame" frame="0" z_index="1" m_a="1.000000" m_b="0.000000" m_c="0.000000" m_d="0.693861" m_tx="-126.999001" m_ty="0.000000"/>
  </frame>
  <frame idx="75" w="429" h="318" x="-125.823395" y="-117.130325">
   <element name="frame" layername="frame" frame="0" z_index="1" m_a="1.000000" m_b="0.000000" m_c="0.000000" m_d="0.423239" m_tx="-126.999001" m_ty="0.000000"/>
  </frame>
  <frame idx="100" w="429" h="236" x="-125.823395" y="-192.218811">
   <element name="frame" layername="frame" frame="0" z_index="1" m_a="1.000000" m_b="0.000000" m_c="0.000000" m_d="0.051514" m_tx="-126.999001" m_ty="0.000000"/>
  </frame>
  <frame idx="125" w="429" h="308" x="-125.823395" y="-125.646317">
   <element name="frame" layername="frame" frame="0" z_index="1" m_a="1.000000" m_b="0.000000" m_c="0.000000" m_d="0.381081" m_tx="-126.999001" m_ty="0.000000"/>
  </frame>
 </anim>
 <anim name="open_90s" root="ui_backpack_2x4" numframes="225" framerate="40">
  <frame idx="0" w="429" h="240" x="-125.823395" y="-187.287201">
   <element name="frame" layername="frame" frame="0" z_index="1" m_a="1.000000" m_b="0.000000" m_c="0.000000" m_d="0.075928" m_tx="-126.999001" m_ty="0.000000"/>
  </frame>
  <frame idx="25" w="432" h="280" x="-123.716232" y="-151.890808">
   <element name="frame" layername="frame" frame="0" z_index="1" m_a="1.015963" m_b="0.000000" m_c="0.000000" m_d="0.251157" m_tx="-126.999001" m_ty="0.000000"/>
  </frame>
  <frame idx="50" w="437" h="371" x="-118.789352" y="-69.126343">
   <element name="frame" layername="frame" frame="0" z_index="1" m_a="1.053288" m_b="0.000000" m_c="0.000000" m_d="0.660882" m_tx="-126.999001" m_ty="0.000000"/>
  </frame>
  <frame idx="75" w="440" h="451" x="-115.904510" y="4.470627">
   <element name="frame" layername="frame" frame="0" z_index="1" m_a="1.075143" m_b="0.000000" m_c="0.000000" m_d="1.025224" m_tx="-126.999001" m_ty="0.000000"/>
  </frame>
  <frame idx="100" w="435" h="449" x="-120.729523" y="1.967072">
   <element name="frame" layername="frame" frame="0" z_index="1" m_a="1.038590" m_b="0.000000" m_c="0.000000" m_d="1.012830" m_tx="-126.999001" m_ty="0.000000"/>
  </frame>
  <frame idx="125" w="433" h="447" x="-123.537430" y="0.508514">
   <element name="frame" layername="frame" frame="0" z_index="1" m_a="1.017318" m_b="0.000000" m_c="0.000000" m_d="1.005609" m_tx="-126.999001" m_ty="0.000000"/>
  </frame>
  <frame idx="150" w="431" h="446" x="-125.166504" y="-0.335266">
   <element name="frame" layername="frame" frame="0" z_index="1" m_a="1.004976" m_b="0.000000" m_c="0.000000" m_d="1.001432" m_tx="-126.999001" m_ty="0.000000"/>
  </frame>
  <frame idx="175" w="429" h="446" x="-125.823395" y="-0.673874">
   <element name="frame" layername="frame" frame="0" z_index="1" m_a="1.000000" m_b="0.000000" m_c="0.000000" m_d="0.999756" m_tx="-126.999001" m_ty="0.000000"/>
  </frame>
  <frame idx="200" w="429" h="446" x="-125.823395" y="-0.673874">
   <element name="frame" layername="frame" frame="0" z_index="1" m_a="1.000000" m_b="0.000000" m_c="0.000000" m_d="0.999756" m_tx="-126.999001" m_ty="0.000000"/>
  </frame>
 </anim>
</Anims>
